Workbook

Sheet origem
A1: Almoxa;Qtd===1**MaxID===BAU**MinID===BAU**SomaDiasProxVerif===0** | B1: =LEFT(A1,6) -> Almoxa | C1: =A1=d!A1 -> TRUE
A2: CADaFa;Qtd===0**MaxID===**MinID===**SomaCliente===**SomaRefFin===** | B2: =LEFT(A2,6) -> CADaFa | C2: =A2=d!A2 -> TRUE
A3: CarPon;Qtd===50682**MaxID===51628**MinID===1**SomaAnoReferencia===0**SomaCodFun===5157416**SomaMesReferencia===0**SomaTotalHoras===** | B3: =LEFT(A3,6) -> CarPon | C3: =A3=d!A3 -> TRUE
A4: CPneus;Qtd===0**MaxID===**MinID===**SomaFornecedor===**SomaMarca===** | B4: =LEFT(A4,6) -> CPneus | C4: =A4=d!A4 -> TRUE
A5: CatFun;Qtd===21**MaxID===21**MinID===1**SomaValorDiaria===0.00** | B5: =LEFT(A5,6) -> CatFun | C5: =A5=d!A5 -> TRUE
A6: Cidade;Qtd===1191**MaxID===1192**MinID===1**SomaCodExtra===0**SomaCodIBGE===24989825**SomaCodSIAFI===0**SomaDDD===0**SomaSubRegiao===0** | B6: =LEFT(A6,6) -> Cidade | C6: =A6=d!A6 -> TRUE
A7: ItensE;Qtd===0**MaxID===**MinID===**SomaAliqICMSEnt===**SomaAltura===**SomaArea===**SomaClasSitTrib===**SomaCompItem===**SomaComprimento===**SomaContaContabil===**SomaCustoEstimado===**SomaFamilia===**SomaGrupoForn===**SomaLargura===**SomaMarca===**SomaMargem===**SomaModulo===**SomaOS===**SomaPercBonif===**SomaPercComiss===**SomaPercTroca===**SomaPeso===**SomaPesoBruto===**SomaPreComMovEst===**SomaPrecoMinVenda===**SomaQtdMaxSai===**SomaQtdMinCompra===**SomaQtdMinSai===**SomaQtdMinVenda===**SomaQtdRegSai===**SomaQtdVenMult===**SomaRegraICMS===**SomaTara===**SomaUnidadeBOM===**SomaVolume===** | B7: =LEFT(A7,6) -> ItensE | C7: =A7=d!A7 -> TRUE
A8: Client;Qtd===6**MaxID===6**MinID===1**SomaCNES===**SomaCidade===765**SomaCxPostal===0**SomaDiasVencCTe===120**SomaEndCobranca===0**SomaEscola===**SomaEstKgCol===0**SomaIDApoSeg===0**SomaLatitude===0.0000000**SomaLinhasNotasFreq===0**SomaLongitude===0.0000000**SomaMeta===**SomaMoeda===6**SomaPComunidade===0**SomaPagador===0**SomaPreCliente===**SomaQualCliNFFecCli===0**SomaRepresentante===0**SomaResponsavel===0**SomaRota===0**SomaSeqColeta===0**SomaTransportadora===0**SomaValCobBol===0.00** | B8: =LEFT(A8,6) -> Client | C8: =A8=d!A8 -> TRUE
A9: CoBaPa;Qtd===0**MaxID===**MinID===**SomaCodParceiro===**SomaInsFinConDes===**SomaTipoParc===** | B9: =LEFT(A9,6) -> CoBaPa | C9: =A9=d!A9 -> TRUE
A10: CoFiOp;Qtd===0**MaxID===**MinID===**SomaMensagem===** | B10: =LEFT(A10,6) -> CoFiOp | C10: =A10=d!A10 -> TRUE
A11: CoMoFi;Qtd===3**MaxID===3**MinID===1**SomaBanco===0**SomaCodCedente===0**SomaInstFinanceir===64**SomaMoraDiaria===0.00**SomaPercMulta===0.00**SomaRegEDIEnvBol===0** | B11: =LEFT(A11,6) -> CoMoFi | C11: =A11=d!A11 -> TRUE
A12: ConCli;Qtd===0**MaxID===**MinID===**SomaCliente===** | B12: =LEFT(A12,6) -> ConCli | C12: =A12=d!A12 -> TRUE
... A835: PixCli;Qtd===0**MaxID===**MinID===**SomaCodCliente===**SomaSequencial===** | B835: =LEFT(A835,6) -> PixCli | C835: =A835=d!A835 -> TRUE

Sheet d
A1: Almoxa;Qtd===1**MaxID===BAU**MinID===BAU**SomaDiasProxVerif===0** | B1: =LEFT(A1,6) -> Almoxa | C1: =B1=origem!B1 -> TRUE | D1: =A1=origem!A1 -> TRUE
A2: CADaFa;Qtd===0**MaxID===**MinID===**SomaCliente===**SomaRefFin===** | B2: =LEFT(A2,6) -> CADaFa | C2: =B2=origem!B2 -> TRUE | D2: =A2=origem!A2 -> TRUE
A3: CarPon;Qtd===50682**MaxID===51628**MinID===1**SomaAnoReferencia===0**SomaCodFun===5157416**SomaMesReferencia===0**SomaTotalHoras===** | B3: =LEFT(A3,6) -> CarPon | C3: =B3=origem!B3 -> TRUE | D3: =A3=origem!A3 -> TRUE
A4: CPneus;Qtd===0**MaxID===**MinID===**SomaFornecedor===**SomaMarca===** | B4: =LEFT(A4,6) -> CPneus | C4: =B4=origem!B4 -> TRUE | D4: =A4=origem!A4 -> TRUE
A5: CatFun;Qtd===21**MaxID===21**MinID===1**SomaValorDiaria===0.00** | B5: =LEFT(A5,6) -> CatFun | C5: =B5=origem!B5 -> TRUE | D5: =A5=origem!A5 -> TRUE
A6: Cidade;Qtd===1191**MaxID===1192**MinID===1**SomaCodExtra===0**SomaCodIBGE===24989825**SomaCodSIAFI===0**SomaDDD===0**SomaSubRegiao===0** | B6: =LEFT(A6,6) -> Cidade | C6: =B6=origem!B6 -> TRUE | D6: =A6=origem!A6 -> TRUE
A7: ItensE;Qtd===0**MaxID===**MinID===**SomaAliqICMSEnt===**SomaAltura===**SomaArea===**SomaClasSitTrib===**SomaCompItem===**SomaComprimento===**SomaContaContabil===**SomaCustoEstimado===**SomaFamilia===**SomaGrupoForn===**SomaLargura===**SomaMarca===**SomaMargem===**SomaModulo===**SomaOS===**SomaPercBonif===**SomaPercComiss===**SomaPercTroca===**SomaPeso===**SomaPesoBruto===**SomaPreComMovEst===**SomaPrecoMinVenda===**SomaQtdMaxSai===**SomaQtdMinCompra===**SomaQtdMinSai===**SomaQtdMinVenda===**SomaQtdRegSai===**SomaQtdVenMult===**SomaRegraICMS===**SomaTara===**SomaUnidadeBOM===**SomaVolume===** | B7: =LEFT(A7,6) -> ItensE | C7: =B7=origem!B7 -> TRUE | D7: =A7=origem!A7 -> TRUE
A8: Client;Qtd===6**MaxID===6**MinID===1**SomaCNES===**SomaCidade===765**SomaCxPostal===0**SomaDiasVencCTe===120**SomaEndCobranca===0**SomaEscola===**SomaEstKgCol===0**SomaIDApoSeg===0**SomaLatitude===0.0000000**SomaLinhasNotasFreq===0**SomaLongitude===0.0000000**SomaMeta===**SomaMoeda===6**SomaPComunidade===0**SomaPagador===0**SomaPreCliente===**SomaQualCliNFFecCli===0**SomaRepresentante===0**SomaResponsavel===0**SomaRota===0**SomaSeqColeta===0**SomaTransportadora===0**SomaValCobBol===0.00** | B8: =LEFT(A8,6) -> Client | C8: =B8=origem!B8 -> TRUE | D8: =A8=origem!A8 -> TRUE
A9: CoBaPa;Qtd===0**MaxID===**MinID===**SomaCodParceiro===**SomaInsFinConDes===**SomaTipoParc===** | B9: =LEFT(A9,6) -> CoBaPa | C9: =B9=origem!B9 -> TRUE | D9: =A9=origem!A9 -> TRUE
A10: CoFiOp;Qtd===0**MaxID===**MinID===**SomaMensagem===** | B10: =LEFT(A10,6) -> CoFiOp | C10: =B10=origem!B10 -> TRUE | D10: =A10=origem!A10 -> TRUE
A11: CoMoFi;Qtd===3**MaxID===3**MinID===1**SomaBanco===0**SomaCodCedente===0**SomaInstFinanceir===64**SomaMoraDiaria===0.00**SomaPercMulta===0.00**SomaRegEDIEnvBol===0** | B11: =LEFT(A11,6) -> CoMoFi | C11: =B11=origem!B11 -> TRUE | D11: =A11=origem!A11 -> TRUE
A12: ConCli;Qtd===0**MaxID===**MinID===**SomaCliente===** | B12: =LEFT(A12,6) -> ConCli | C12: =B12=origem!B12 -> TRUE | D12: =A12=origem!A12 -> TRUE
... A840: ItXCBf;Qtd===0**MaxID===**MinID===** | B840: =LEFT(A840,6) -> ItXCBf | C840: =B840=origem!B840 -> FALSE | D840: =A840=origem!A840 -> FALSE
D841: =A841=origem!A841 -> TRUE
